id,card_id,grade,reviewed_at,user_id
4,45,2,1781522605898,1
5,16,2,1781522613576,1
6,20,2,1781522619208,1
7,20,0,1781522621049,1
8,41,0,1781522623507,1
9,41,0,1781522626272,1
10,33,0,1781522628322,1
11,33,0,1781522631350,1
12,40,0,1781522632729,1
13,40,0,1781522633852,1
14,40,0,1781522634472,1
15,40,0,1781522635001,1
16,40,0,1781522635698,1
17,38,0,1781522636514,1
18,38,0,1781522636967,1
19,38,0,1781522638051,1
20,38,0,1781522638843,1
21,38,0,1781522639585,1
22,34,0,1781522640326,1
23,34,0,1781522641736,1
24,34,0,1781522642352,1
25,35,0,1781522644702,1
26,35,0,1781522645620,1
27,35,0,1781522646552,1
28,26,0,1781522650744,1
29,10,0,1781522655455,1
30,21,0,1781522660158,1
31,46,0,1781522664632,1
32,46,2,1781522666740,1
33,43,0,1781522859824,1
34,37,0,1781522864018,1
35,32,0,1781522868543,1
36,48,0,1781522874792,1
37,22,2,1781522879065,1
38,22,2,1781522880193,1
39,30,2,1781522883682,1
40,30,2,1781522884932,1
41,42,2,1781522887596,1
42,42,2,1781522889618,1
43,29,2,1781522892176,1
44,29,2,1781522894019,1
45,15,2,1781522896766,1
46,15,0,1781522898798,1
47,27,2,1781522902520,1
48,27,2,1781522903847,1
49,11,2,1781522906331,1
50,11,2,1781522908345,1
51,13,2,1781522910022,1
52,13,2,1781522911735,1
53,24,2,1781522914190,1
54,24,2,1781522915899,1
55,47,2,1781522918793,1
56,39,2,1781522923101,1
57,36,2,1781522927709,1
58,50,2,1781522932230,1
59,50,0,1781522934091,1
60,28,2,1781522937023,1
61,28,2,1781522939223,1
62,28,0,1781522939227,1
63,49,2,1781522941428,1
64,14,2,1781522946269,1
65,14,0,1781522949102,1
66,17,2,1781522951373,1
67,17,2,1781522953101,1
68,23,2,1781522956274,1
69,31,0,1781522962067,1
70,19,0,1781522968192,1
71,19,0,1781522970431,1
72,25,0,1781522973373,1
73,44,0,1781522978630,1
74,12,0,1781522983465,1
75,96,2,1781583786496,1
76,89,0,1781583798519,1
77,89,0,1781583800489,1
78,87,0,1781583811919,1
79,93,0,1781583820328,1
80,81,2,1781583826070,1
81,100,2,1781583834552,1
82,61,0,1781583842861,1
83,86,0,1781583851627,1
84,66,0,1781583869495,1
85,66,0,1781583871603,1
86,98,2,1781583881163,1
87,101,0,1781583907170,1
88,90,0,1781583915953,1
89,57,0,1781583942231,1
90,65,0,1781583971390,1
91,78,0,1781583986901,1
92,63,0,1781583998758,1
93,77,2,1781584003449,1
94,70,0,1781584012093,1
95,92,2,1781584206921,1
96,95,2,1781584215599,1
97,67,2,1781584227415,1
98,97,0,1781584234272,1
99,99,2,1781584240333,1
100,85,0,1781584285961,1
101,75,0,1781584291387,1
102,75,2,1781584293184,1
103,76,2,1781584296295,1
104,71,2,1781584301988,1
105,59,2,1781584319012,1
106,88,2,1781584323935,1
107,84,2,1781584332194,1
108,91,2,1781584340659,1
109,82,0,1781584345941,1
110,82,2,1781584347171,1
111,83,2,1781584352281,1
112,79,0,1781584362079,1
113,58,2,1781584374016,1
114,62,0,1781584386344,1
115,60,2,1781584392537,1
116,68,2,1781584424264,1
117,68,2,1781584426492,1
118,94,0,1781584430593,1
119,74,0,1781584436584,1
120,72,2,1781584442645,1
121,69,2,1781584450663,1
122,73,2,1781584460308,1
123,56,2,1781584466378,1
124,80,0,1781584472277,1
125,64,0,1781584480411,1
126,128,2,1781584556033,1
127,149,0,1781584561659,1
128,104,0,1781584570354,1
129,113,2,1781584574149,1
130,118,0,1781584582116,1
131,136,0,1781584594873,1
132,130,0,1781584606102,1
133,124,0,1781584609258,1
134,142,0,1781584612997,1
135,120,0,1781584704600,1
136,134,0,1781584708009,1
137,129,0,1781584712683,1
138,135,0,1781584722040,1
139,121,0,1781584725336,1
140,145,0,1781584728620,1
141,140,0,1781584733606,1
142,106,0,1781584742474,1
143,109,0,1781584746114,1
144,132,0,1781584750294,1
145,105,2,1781584754788,1
146,116,0,1781584757512,1
147,133,0,1781584766722,1
148,148,0,1781584769526,1
149,110,0,1781584786912,1
150,125,0,1781584793890,1
151,127,2,1781584799143,1
152,123,2,1781584802285,1
153,141,0,1781584808610,1
154,144,0,1781584812587,1
155,119,0,1781584815758,1
156,131,0,1781584820255,1
157,102,0,1781584824873,1
158,126,0,1781584841819,1
159,138,0,1781585029022,1
160,146,2,1781585041599,1
161,103,0,1781585049900,1
162,122,2,1781585053734,1
163,137,0,1781585057610,1
164,112,0,1781585063093,1
165,151,0,1781585077848,1
166,150,0,1781585083491,1
167,117,0,1781585086987,1
168,143,0,1781585090553,1
169,107,2,1781588890540,1
170,115,2,1781588893961,1
171,114,2,1781588896310,1
172,147,0,1781588901943,1
173,111,0,1781588905950,1
174,108,2,1781588909641,1
175,139,2,1781588913695,1
176,147,2,1781588917464,1
177,111,0,1781588922140,1
178,67,0,1781666668716,1
179,62,2,1781666672781,1
180,65,2,1781666677899,1
181,88,2,1781666680559,1
182,61,0,1781666686126,1
183,100,2,1781666690035,1
184,74,2,1781666694677,1
185,77,2,1781666697413,1
186,85,2,1781666701875,1
187,99,2,1781666709502,1
188,97,0,1781666714979,1
189,89,2,1781666723565,1
190,91,0,1781666730279,1
191,92,0,1781666736577,1
192,57,2,1781666741430,1
193,59,0,1781666753748,1
194,86,0,1781666757654,1
195,72,2,1781666761668,1
196,87,2,1781666767437,1
197,75,2,1781666783898,1
198,68,0,1781666793427,1
199,94,0,1781666800237,1
200,78,0,1781666807148,1
201,80,2,1781666809823,1
202,84,2,1781666812382,1
203,58,2,1781666819209,1
204,73,2,1781666826115,1
205,83,2,1781666829780,1
206,101,0,1781666844973,1
207,64,2,1781666851279,1
208,93,0,1781666864078,1
209,98,2,1781666867798,1
210,63,0,1781666880127,1
211,56,2,1781666883240,1
212,66,0,1781666890245,1
213,69,0,1781666904265,1
214,60,2,1781666906781,1
215,70,0,1781666912033,1
216,76,2,1781666915554,1
217,81,2,1781666918381,1
218,82,2,1781666922456,1
219,79,0,1781666927107,1
220,95,0,1781666934115,1
221,71,2,1781666938336,1
222,96,0,1781666945379,1
223,90,2,1781666953862,1
224,67,2,1781666974404,1
225,61,0,1781666980576,1
226,97,2,1781666986157,1
227,91,0,1781666992828,1
228,92,0,1781666999483,1
229,59,2,1781667005633,1
230,86,2,1781667013278,1
231,68,2,1781667020011,1
232,94,2,1781667024252,1
233,78,0,1781667032849,1
234,101,0,1781667045005,1
235,93,0,1781667049950,1
236,63,0,1781667060354,1
237,66,2,1781667065942,1
238,69,2,1781667071120,1
239,70,2,1781667074677,1
240,79,2,1781667077424,1
241,95,2,1781667081311,1
242,96,0,1781667085188,1
243,129,0,1781667129934,1
244,127,2,1781667133666,1
245,133,0,1781667140557,1
246,128,0,1781667145222,1
247,102,2,1781667148882,1
248,140,0,1781667156419,1
249,146,2,1781667162262,1
250,141,0,1781667167568,1
251,106,2,1781667172377,1
252,136,0,1781667176357,1
253,130,0,1781667181778,1
254,147,0,1781667186198,1
255,122,2,1781667191006,1
256,124,2,1781667197540,1
257,104,2,1781667206242,1
258,150,0,1781667212573,1
259,121,0,1781667216907,1
260,131,0,1781667224724,1
261,119,2,1781667228512,1
262,138,0,1781667241258,1
263,117,2,1781667244089,1
264,110,0,1781667257092,1
265,134,0,1781667260758,1
266,126,2,1781667270221,1
267,139,2,1781667273769,1
268,108,2,1781667279869,1
269,149,0,1781667286580,1
270,112,0,1781667297960,1
271,118,0,1781667306095,1
272,151,2,1781667314820,1
273,114,2,1781667317057,1
274,113,2,1781667320391,1
275,109,0,1781667330038,1
276,125,2,1781667341107,1
277,116,2,1781667344726,1
278,105,2,1781667347755,1
279,120,0,1781667395760,1
280,115,0,1781667399058,1
281,142,0,1781667404565,1
282,143,0,1781667412154,1
283,145,0,1781667434475,1
284,111,0,1781667439963,1
285,132,0,1781667448537,1
286,144,2,1781667459156,1
287,103,0,1781667467045,1
288,135,2,1781667474038,1
289,123,2,1781667477431,1
290,107,2,1781667489880,1
291,137,2,1781667502949,1
292,148,2,1781667507916,1
293,129,2,1781667519034,1
294,133,0,1781667528994,1
295,128,0,1781667536933,1
296,140,0,1781667545222,1
297,141,2,1781667552915,1
298,136,0,1781667558678,1
299,130,0,1781667563909,1
300,147,0,1781667570778,1
301,150,2,1781667577054,1
302,121,0,1781667581198,1
303,131,2,1781667585893,1
304,138,0,1781667596895,1
305,110,2,1781667612587,1
306,134,2,1781667616294,1
307,149,0,1781667625638,1
308,112,2,1781667634777,1
309,118,2,1781667640613,1
310,109,0,1781667649101,1
311,120,2,1781667652925,1
312,115,2,1781667655704,1
313,142,0,1781667659843,1
314,143,2,1781667671609,1
315,145,0,1781667676659,1
316,111,0,1781667682334,1
317,132,2,1781667699707,1
318,103,2,1781667704183,1
319,185,2,1781778675275,1
320,167,2,1781778679037,1
321,162,0,1781778683310,1
322,160,2,1781778686178,1
323,158,2,1781778690865,1
324,179,0,1781778790249,1
325,199,0,1781778802652,1
326,153,2,1781778806453,1
327,189,2,1781778809681,1
328,192,0,1781778813903,1
329,194,2,1781778818381,1
330,164,0,1781778824775,1
331,191,0,1781778831626,1
332,176,0,1781778840333,1
333,188,2,1781778844045,1
334,157,0,1781778934391,1
335,156,0,1781778946045,1
336,172,2,1781778950754,1
337,198,0,1781778956815,1
338,190,2,1781778963954,1
339,163,0,1781779007864,1
340,193,2,1781779046341,1
341,170,0,1781779053400,1
342,196,2,1781779056326,1
343,186,2,1781779092816,1
344,197,0,1781779096236,1
345,166,0,1781779104338,1
346,200,0,1781779107810,1
347,169,2,1781779113610,1
348,183,0,1781779117573,1
349,180,2,1781779120316,1
350,159,2,1781779126473,1
351,175,0,1781779156426,1
352,195,0,1781779174800,1
353,178,2,1781779177013,1
354,203,0,1781779183431,1
355,171,2,1781779188791,1
356,177,0,1781779194147,1
357,174,0,1781779223135,1
358,201,2,1781779226520,1
359,184,0,1781779293498,1
360,168,0,1781779298207,1
361,173,2,1781779304156,1
362,181,0,1781779320914,1
363,202,0,1781779324356,1
364,165,0,1781779333008,1
365,182,0,1781779337367,1
366,152,2,1781779342482,1
367,187,2,1781779346714,1
368,154,0,1781779384592,1
369,155,0,1781779393189,1
370,161,0,1781779397545,1
371,162,0,1781779408195,1
372,179,2,1781779416869,1
373,199,0,1781783653965,1
374,192,0,1781783657045,1
375,164,0,1781783676908,1
376,191,0,1781783681125,1
377,176,0,1781783686658,1
378,157,2,1781783692668,1
379,156,2,1781783696538,1
380,198,0,1781783703585,1
381,163,0,1781783706967,1
382,170,2,1781783711180,1
383,197,2,1781783714969,1
384,166,0,1781783725344,1
385,200,0,1781783731046,1
386,183,0,1781783735633,1
387,175,0,1781783739029,1
388,195,2,1781783745212,1
389,203,2,1781783750761,1
390,177,2,1781783754627,1
391,174,2,1781783757452,1
392,184,0,1781783763408,1
393,168,0,1781783767334,1
394,181,0,1781783770766,1
395,202,0,1781783774696,1
396,165,0,1781783777760,1
397,182,0,1781783781615,1
398,154,2,1781783785732,1
399,155,2,1781783789942,1
400,161,2,1781783794315,1
401,78,0,1781783822993,1
402,80,2,1781783825088,1
403,86,0,1781783835036,1
404,57,2,1781783838993,1
405,67,2,1781783846900,1
406,91,0,1781783850901,1
407,93,0,1781783855531,1
408,62,2,1781783859362,1
409,64,2,1781783864961,1
410,94,2,1781783868490,1
411,69,2,1781783874393,1
412,92,0,1781784115995,1
413,79,2,1781784118564,1
414,96,2,1781784159216,1
415,61,0,1781784162675,1
416,74,2,1781784166474,1
417,66,2,1781784172794,1
418,65,2,1781784179114,1
419,59,0,1781784200759,1
420,101,2,1781784206388,1
421,68,2,1781784219098,1
422,90,2,1781784221418,1
423,85,2,1781784247152,1
424,97,0,1781784252767,1
425,63,0,1781784262278,1
426,70,2,1781784265898,1
427,87,0,1781784287014,1
428,95,2,1781784453978,1
429,89,2,1781784486374,1
430,78,2,1781784497646,1
431,86,2,1781784518081,1
432,91,2,1781784538567,1
433,93,0,1781784541984,1
434,92,2,1781784546863,1
435,61,0,1781784553959,1
436,59,2,1781784563975,1
437,97,2,1781784566636,1
438,63,2,1781784573871,1
439,87,2,1781784576837,1
440,104,2,1781784602192,1
441,109,0,1781784606029,1
442,147,0,1781784613987,1
443,151,2,1781784623420,1
444,102,2,1781784627511,1
445,126,2,1781784632415,1
446,140,0,1781784661549,1
447,103,2,1781784664436,1
448,142,2,1781784668705,1
449,135,2,1781784672298,1
450,125,2,1781784674544,1
451,118,0,1781784678285,1
452,144,2,1781784681152,1
453,112,0,1781784690658,1
454,131,0,1781784701276,1
455,130,0,1781784703919,1
456,137,2,1781784708141,1
457,119,2,1781784711386,1
458,150,2,1781784719026,1
459,134,0,1781784802766,1
460,121,0,1781784813358,1
461,138,0,1781784831990,1
462,116,2,1781784841093,1
463,110,0,1781784885747,1
464,128,0,1781784892459,1
465,129,0,1781784895022,1
466,117,2,1781784897707,1
467,148,2,1781784900820,1
468,136,0,1781784905773,1
469,111,2,1781784910758,1
470,120,2,1781784916283,1
471,124,2,1781784921406,1
472,132,0,1781784929957,1
473,141,0,1781784937985,1
474,149,2,1781784943294,1
475,133,0,1781784947919,1
476,106,2,1781784951472,1
477,145,0,1781784960335,1
478,143,0,1781784965168,1
479,115,2,1781784967576,1
480,109,2,1781784973563,1
481,147,2,1781784981713,1
482,140,0,1781784985462,1
483,118,2,1781784988341,1
484,112,2,1781784995062,1
485,131,0,1781785000802,1
486,130,0,1781785003781,1
487,134,2,1781785007503,1
488,121,2,1781785011239,1
489,138,0,1781785015859,1
490,110,0,1781785019578,1
491,128,0,1781785024068,1
492,129,0,1781785026600,1
493,136,0,1781785030235,1
494,132,2,1781785034324,1
495,141,0,1781785042867,1
496,133,2,1781785047595,1
497,145,0,1781785051404,1
498,143,0,1781785056620,1
499,225,2,1781847878535,1
500,230,0,1781847883424,1
501,205,0,1781847895319,1
502,231,0,1781847900658,1
503,206,0,1781847909676,1
504,228,0,1781847913478,1
505,222,0,1781847916790,1
506,244,2,1781847919569,1
507,208,2,1781847933767,1
508,217,0,1781847937288,1
509,214,2,1781847951841,1
510,213,0,1781847960144,1
511,210,2,1781847985688,1
512,250,0,1781847991803,1
513,219,0,1781847996638,1
514,243,2,1781848002498,1
515,212,0,1781848015367,1
516,204,0,1781848023090,1
517,218,0,1781848034171,1
518,232,0,1781848038187,1
519,233,0,1781848042188,1
520,248,0,1781848045176,1
521,254,0,1781848050652,1
522,253,0,1781848054851,1
523,245,2,1781848060184,1
524,237,0,1781848064208,1
525,241,0,1781848073092,1
526,209,0,1781848085788,1
527,215,0,1781848090963,1
528,252,0,1781848095783,1
529,235,2,1781848198296,1
530,255,2,1781848201473,1
531,216,0,1781848209730,1
532,207,2,1781848216821,1
533,236,2,1781848227059,1
534,249,0,1781848236600,1
535,234,0,1781848242953,1
536,238,0,1781848247835,1
537,242,0,1781848255770,1
538,211,0,1781848270128,1
539,251,0,1781848278425,1
540,226,0,1781848283776,1
541,240,0,1781848287653,1
542,224,2,1781848290984,1
543,229,2,1781848296354,1
544,220,0,1781848306209,1
545,239,2,1781848308554,1
546,227,2,1781848310684,1
547,221,0,1781848321099,1
548,223,2,1781848324712,1
549,247,2,1781848328792,1
550,246,0,1781848333813,1
551,230,0,1781848342148,1
552,205,2,1781848348222,1
553,231,0,1781848353993,1
554,206,2,1781848360636,1
555,228,0,1781848369035,1
556,222,0,1781848397849,1
557,217,0,1781848402620,1
558,213,2,1781848413489,1
559,250,0,1781848419731,1
560,219,2,1781848429747,1
561,212,2,1781848438107,1
562,204,0,1781848448860,1
563,218,0,1781848453744,1
564,232,2,1781848456980,1
565,233,0,1781848461970,1
566,248,0,1781848465722,1
567,254,2,1781848469117,1
568,253,0,1781848472303,1
569,237,2,1781848477457,1
570,241,2,1781848481497,1
571,209,2,1781848489102,1
572,215,2,1781848496837,1
573,252,2,1781848506543,1
574,216,0,1781848516264,1
575,249,0,1781848521986,1
576,234,2,1781848527419,1
577,238,0,1781848530637,1
578,242,0,1781848537200,1
579,211,2,1781848542049,1
580,251,0,1781848546287,1
581,226,0,1781848551895,1
582,240,0,1781848554601,1
583,220,0,1781848558770,1
584,221,2,1781848562993,1
585,246,2,1781848565540,1
586,59,2,1781877668191,1
587,91,0,1781877671007,1
588,63,2,1781877676278,1
589,86,2,1781877680175,1
590,92,0,1781877685429,1
591,96,0,1781877689898,1
592,101,2,1781877693317,1
593,78,0,1781877697366,1
594,93,0,1781877700967,1
595,97,2,1781877703425,1
596,87,2,1781877710618,1
597,61,0,1781877713638,1
598,91,2,1781877717820,1
599,92,2,1781877721640,1
600,96,2,1781877724758,1
601,78,2,1781877728161,1
602,93,2,1781877731218,1
603,61,2,1781877733932,1
604,136,2,1781877759180,1
605,147,2,1781877764456,1
606,121,2,1781877769524,1
607,138,0,1781877774229,1
608,110,0,1781877784048,1
609,118,2,1781877786839,1
610,133,0,1781877790766,1
611,132,2,1781877793451,1
612,145,0,1781877802106,1
613,129,0,1781877804986,1
614,131,2,1781877812183,1
615,149,0,1781877818774,1
616,141,2,1781877822780,1
617,128,2,1781877827194,1
618,134,2,1781877829937,1
619,109,2,1781877834544,1
620,143,0,1781877840118,1
621,142,2,1781877843312,1
622,111,2,1781877847791,1
623,112,2,1781877851647,1
624,140,0,1781877856661,1
625,130,2,1781877859144,1
626,138,2,1781877867169,1
627,110,2,1781877872985,1
628,133,0,1781877876070,1
629,145,0,1781877880380,1
630,129,2,1781877882560,1
631,149,2,1781877884457,1
632,143,2,1781877888122,1
633,140,0,1781877893402,1
634,153,2,1781877920225,1
635,187,2,1781877922508,1
636,157,0,1781877927243,1
637,183,0,1781877934028,1
638,175,0,1781877939186,1
639,161,2,1781877942777,1
640,188,2,1781877945597,1
641,185,2,1781877948816,1
642,155,0,1781877955905,1
643,165,0,1781877961486,1
644,181,0,1781877966373,1
645,154,2,1781877974530,1
646,201,2,1781877979126,1
647,178,2,1781877982120,1
648,189,2,1781877986073,1
649,182,0,1781877992769,1
650,203,0,1781878002949,1
651,160,2,1781878005164,1
652,171,2,1781878007659,1
653,180,2,1781878010007,1
654,169,2,1781878015044,1
655,159,0,1781878027338,1
656,156,0,1781878032470,1
657,167,2,1781878035143,1
658,202,0,1781878045641,1
659,195,2,1781878048104,1
660,163,0,1781878052689,1
661,194,0,1781878056602,1
662,186,2,1781878060072,1
663,199,0,1781878064963,1
664,192,0,1781878070584,1
665,196,2,1781878073459,1
666,198,0,1781878079034,1
667,191,0,1781878082964,1
668,166,0,1781878092717,1
669,170,0,1781878103578,1
670,176,0,1781878107552,1
671,164,0,1781878111914,1
672,179,0,1781878116724,1
673,174,0,1781878121150,1
674,162,0,1781878127774,1
675,184,0,1781878133335,1
676,193,0,1781878137924,1
677,168,0,1781878145820,1
678,177,0,1781878150049,1
679,197,2,1781878153625,1
680,200,0,1781878158432,1
681,158,2,1781878165381,1
682,190,2,1781878174294,1
683,152,2,1781878177619,1
684,172,2,1781878180585,1
685,173,2,1781878183447,1
686,157,2,1781878188950,1
687,183,0,1781879139412,1
688,175,0,1781879141673,1
689,155,0,1781879146836,1
690,165,0,1781879150420,1
691,181,0,1781879156621,1
692,182,2,1781879159784,1
693,203,2,1781879166299,1
694,159,2,1781879170331,1
695,156,2,1781879173423,1
696,202,2,1781879180251,1
697,163,0,1781879184962,1
698,194,0,1781879188111,1
699,199,0,1781879193060,1
700,192,0,1781879197639,1
701,198,0,1781879204425,1
702,191,0,1781879209647,1
703,166,0,1781879214630,1
704,170,2,1781879219347,1
705,176,0,1781879222725,1
706,164,0,1781879226604,1
707,179,0,1781879242888,1
708,174,2,1781879244914,1
709,162,0,1781879248734,1
710,184,0,1781879254809,1
711,193,0,1781879257769,1
712,168,0,1781879261943,1
713,177,0,1781879265653,1
714,200,0,1781879273335,1
715,259,0,1781930499339,1
716,290,2,1781930501905,1
717,270,0,1781930507395,1
718,286,0,1781930512586,1
719,266,0,1781930521794,1
720,272,2,1781930525969,1
721,308,0,1781930531146,1
722,293,0,1781930560463,1
723,280,2,1781930564360,1
724,260,2,1781930568710,1
725,299,0,1781930573050,1
726,268,0,1781930577413,1
727,304,0,1781930581468,1
728,281,2,1781930585172,1
729,275,2,1781930589387,1
730,269,0,1781930609598,1
731,258,0,1781930618310,1
732,274,0,1781930622934,1
733,273,2,1781930625219,1
734,257,0,1781930631358,1
735,285,0,1781930635579,1
736,302,0,1781930639659,1
737,271,0,1781930648922,1
738,261,0,1781930653782,1
739,263,0,1781930659121,1
740,300,0,1781930667896,1
741,283,0,1781930672032,1
742,284,2,1781930678252,1
743,295,2,1781930681150,1
744,307,0,1781930684829,1
745,262,0,1781930688502,1
746,303,0,1781930691401,1
747,265,0,1781930696149,1
748,301,0,1781930703974,1
749,264,2,1781930709342,1
750,256,2,1781930716340,1
751,298,0,1781930727470,1
752,279,2,1781930729717,1
753,306,0,1781930824368,1
754,292,0,1781930829850,1
755,297,0,1781930834362,1
756,278,0,1781930840325,1
757,296,0,1781930843243,1
758,287,0,1781930846833,1
759,294,0,1781930850852,1
760,289,0,1781930855852,1
761,305,0,1781931124891,1
762,267,0,1781931130120,1
763,276,0,1781931135183,1
764,277,0,1781931139579,1
765,288,2,1781931141839,1
766,282,2,1781931145570,1
767,291,0,1781931150132,1
768,259,2,1781931153985,1
769,270,2,1781931158799,1
770,286,0,1781931162548,1
771,266,0,1781931168693,1
772,308,0,1781931177139,1
773,293,0,1781931290123,1
774,299,0,1781931307094,1
775,268,0,1781931311544,1
776,304,2,1781931314716,1
777,269,0,1781931365997,1
778,258,2,1781931370854,1
779,274,0,1781931375778,1
780,257,2,1781931380813,1
781,285,0,1781931398191,1
782,302,0,1781931401412,1
783,271,0,1781931505443,1
784,261,2,1781931513100,1
785,263,0,1781931517299,1
786,300,2,1781931525915,1
787,283,0,1781931530671,1
788,307,0,1781931535381,1
789,262,0,1781931540711,1
790,303,0,1781931543535,1
791,265,0,1781931550264,1
792,301,2,1781931555979,1
793,298,2,1781931565640,1
794,306,0,1781931569556,1
795,292,0,1781931576116,1
796,297,0,1781931602845,1
797,278,0,1781931609600,1
798,296,0,1781931615487,1
799,287,0,1781931620866,1
800,294,2,1781931625988,1
801,289,0,1781931630400,1
802,305,0,1781931664125,1
803,267,0,1781931668678,1
804,276,2,1781931671904,1
805,277,0,1781931675823,1
806,291,0,1781931679750,1
807,65,2,1782017157356,
808,94,2,1782017176904,
809,70,2,1782017179044,
810,84,2,1782017181365,
811,80,2,1782017183498,
812,64,2,1782017187065,
813,88,2,1782017189199,
814,82,2,1782017191080,
815,68,2,1782017197342,
816,78,0,1782017202443,
817,99,2,1782017205344,
818,79,2,1782017208302,
819,71,2,1782017210929,
820,67,2,1782017217324,
821,66,2,1782017220133,
822,96,2,1782017224169,
823,98,2,1782017226764,
824,75,2,1782017229171,
825,100,2,1782017231536,
826,69,2,1782017235136,
827,77,2,1782017237973,
828,76,2,1782017240415,
829,61,0,1782017245435,
830,90,2,1782017249792,
831,57,2,1782017252356,
832,85,2,1782017254688,
833,95,2,1782017258265,
834,91,0,1782017262287,
835,81,2,1782017264654,
836,89,2,1782017358962,
837,72,2,1782017360520,
838,83,2,1782017367478,
839,58,0,1782017373374,
840,92,2,1782017389801,
841,74,2,1782017391915,
842,62,2,1782017393684,
843,60,2,1782017395868,
844,56,2,1782017397589,
845,93,0,1782017400431,
846,73,2,1782017403631,
847,78,2,1782017407880,
848,61,2,1782017410230,
849,91,2,1782017412276,
850,58,2,1782017413694,
851,93,2,1782017415301,
852,116,0,1782024530552,
853,117,2,1782024532356,
854,141,2,1782024541522,
855,143,2,1782024545501,
856,120,2,1782024548447,
857,124,2,1782024550708,
858,139,2,1782024552536,
859,130,2,1782024555348,
860,144,2,1782024557244,
861,137,2,1782024559515,
862,106,2,1782024564532,
863,133,0,1782024567613,
864,108,2,1782024570374,
865,103,0,1782024575152,
866,135,2,1782024579948,
867,127,2,1782024582594,
868,122,2,1782024584726,
869,136,0,1782024587876,
870,148,2,1782024590338,
871,149,2,1782024593138,
872,150,2,1782024594838,
873,125,2,1782024596919,
874,128,2,1782024609316,
875,107,2,1782024633184,
876,114,2,1782024635553,
877,151,2,1782024639945,
878,110,0,1782024648892,
879,115,2,1782024650676,
880,145,0,1782024654018,
881,140,2,1782024656572,
882,113,2,1782024658416,
883,146,2,1782024661887,
884,129,0,1782024663542,
885,138,2,1782024668179,
886,105,2,1782024726150,
887,126,2,1782024733660,
888,104,2,1782024736091,
889,102,2,1782024738677,
890,119,2,1782024741183,
891,123,2,1782024743459,
892,131,2,1782024745713,
893,116,2,1782024748134,
894,133,2,1782024751666,
895,103,2,1782024754405,
896,136,2,1782024756794,
897,110,2,1782024759420,
898,145,2,1782024761192,
899,129,2,1782024763082,
900,162,2,1782024785973,
901,181,0,1782024789074,
902,177,2,1782024792425,
903,174,2,1782024795009,
904,193,0,1782024798078,
905,182,0,1782024803067,
906,166,0,1782024807767,
907,163,0,1782024811040,
908,194,0,1782024813449,
909,156,2,1782024816833,
910,164,0,1782024820002,
911,176,0,1782024823259,
912,198,0,1782024826821,
913,170,2,1782024831153,
914,155,0,1782024836903,
915,192,0,1782024839246,
916,191,0,1782024842805,
917,157,2,1782024852433,
918,200,2,1782024854644,
919,183,2,1782024858951,
920,175,0,1782024887197,
921,184,0,1782024895260,
922,203,2,1782024897879,
923,179,0,1782024902231,
924,199,2,1782024904935,
925,165,0,1782024907707,
926,159,0,1782024916958,
927,202,0,1782024921139,
928,168,0,1782024924402,
929,181,0,1782024929683,
930,193,2,1782024932063,
931,182,0,1782024934530,
932,166,0,1782024937583,
933,163,0,1782024939877,
934,194,2,1782024942274,
935,164,0,1782024944654,
936,176,0,1782024947218,
937,198,2,1782024949658,
938,155,0,1782024952679,
939,192,0,1782024970784,
940,191,0,1782024974349,
941,175,2,1782024977449,
942,184,2,1782024979700,
943,179,0,1782024984036,
944,165,0,1782024986464,
945,159,2,1782024989702,
946,202,2,1782024992057,
947,168,2,1782024994547,
948,206,2,1782025172829,
949,227,2,1782025175092,
950,217,0,1782025181490,
951,249,0,1782025185034,
952,228,0,1782025188244,
953,215,2,1782025193968,
954,235,2,1782025198867,
955,244,2,1782025203071,
956,247,2,1782025205441,
957,253,0,1782025208428,
958,251,0,1782025212435,
959,242,0,1782025216623,
960,238,0,1782025220301,
961,221,2,1782025225113,
962,226,2,1782025229333,
963,218,2,1782025235182,
964,220,0,1782025239561,
965,219,2,1782025245212,
966,236,2,1782025250585,
967,252,2,1782025252899,
968,255,2,1782025254346,
969,205,2,1782025259263,
970,211,2,1782025265627,
971,232,2,1782025289610,
972,209,2,1782025306534,
973,208,2,1782025310375,
974,234,0,1782025368070,
975,213,2,1782025371086,
976,212,0,1782025379684,
977,243,2,1782025382220,
978,214,0,1782025511428,
979,237,2,1782025542072,
980,229,0,1782025545572,
981,231,0,1782025548938,
982,250,2,1782025569268,
983,254,2,1782025590692,
984,224,2,1782025690504,
985,223,2,1782025706715,
986,222,2,1782025711439,
987,246,2,1782025716958,
988,207,2,1782025722891,
989,230,0,1782026337438,
990,210,0,1782026340572,
991,233,0,1782026345150,
992,225,2,1782026347920,
993,241,0,1782026360137,
994,239,2,1782026362146,
995,216,0,1782026497824,
996,240,0,1782026500080,
997,204,2,1782026503061,
998,248,2,1782026504388,
999,245,2,1782026506483,
1000,217,0,1782026508977,
1001,249,2,1782026512206,
1002,228,0,1782026641786,
1003,253,0,1782026643469,
1004,251,0,1782026778292,
1005,242,2,1782026780264,
1006,238,2,1782026782040,
1007,220,2,1782026785687,
1008,234,2,1782027134502,
1009,212,0,1782027148263,
1010,214,2,1782027151704,
1011,229,0,1782027155744,
1012,231,2,1782027158749,
1013,230,0,1782027163671,
1014,210,2,1782027166935,
1015,233,0,1782027170197,
1016,241,0,1782027173374,
1017,216,0,1782027176912,
1018,240,0,1782027179241,
1019,289,2,1782139413159,
1020,269,0,1782139417374,
1021,280,2,1782139419753,
1022,287,2,1782139432300,
1023,302,0,1782139435821,
1024,281,2,1782139438949,
1025,300,2,1782139441164,
1026,303,0,1782139444296,
1027,275,2,1782139446751,
1028,285,2,1782139449069,
1029,278,0,1782139452263,
1030,284,2,1782139454415,
1031,274,2,1782139459249,
1032,277,2,1782139462019,
1033,268,0,1782139467203,
1034,264,2,1782139470456,
1035,292,0,1782139476663,
1036,299,0,1782139481472,
1037,308,0,1782139489845,
1038,257,2,1782139493111,
1039,293,2,1782139499730,
1040,290,2,1782139526910,
1041,262,2,1782139533593,
1042,286,0,1782139539708,
1043,294,2,1782139542987,
1044,296,0,1782139547144,
1045,256,0,1782139553855,
1046,261,2,1782139556311,
1047,267,0,1782139563040,
1048,297,2,1782139569943,
1049,266,0,1782139575395,
1050,304,0,1782139585194,
1051,291,0,1782139589215,
1052,305,0,1782139593867,
1053,295,2,1782139596936,
1054,283,0,1782139615502,
1055,276,0,1782139633931,
1056,279,2,1782139635915,
1057,288,2,1782139638489,
1058,260,2,1782139641775,
1059,270,0,1782139645759,
1060,298,2,1782139653621,
1061,306,2,1782139657258,
1062,301,2,1782139661891,
1063,307,2,1782139671901,
1064,265,0,1782139676520,
1065,263,0,1782139680868,
1066,271,0,1782139686380,
1067,258,2,1782139689331,
1068,259,2,1782139692403,
1069,282,2,1782139696842,
1070,273,0,1782139701018,
1071,272,2,1782139737191,
1072,269,0,1782139741576,
1073,302,2,1782139746822,
1074,303,0,1782139750149,
1075,278,0,1782139754849,
1076,268,0,1782139762859,
1077,292,2,1782139770467,
1078,299,0,1782139783067,
1079,308,2,1782139787008,
1080,286,0,1782139793466,
1081,296,0,1782139796650,
1082,256,2,1782139801106,
1083,267,0,1782139807107,
1084,266,0,1782139811685,
1085,304,2,1782139814152,
1086,291,0,1782139827274,
1087,305,2,1782139832189,
1088,283,2,1782139835164,
1089,276,2,1782139848766,
1090,270,2,1782139854210,
1091,265,0,1782139910423,
1092,263,0,1782139913626,
1093,271,0,1782139916206,
1094,273,2,1782139918980,
1095,353,0,1782218569212,
1096,309,2,1782218571796,
1097,343,2,1782218575323,
1098,341,2,1782218588611,
1099,323,2,1782218594532,
1100,315,2,1782218602041,
1101,327,2,1782218604469,
1102,322,0,1782218608267,
1103,336,0,1782218610962,
1104,310,2,1782218613294,
1105,324,0,1782218634867,
1106,325,2,1782218638044,
1107,345,2,1782218641330,
1108,349,0,1782218649759,
1109,332,0,1782218655925,
1110,318,0,1782218669085,
1111,344,0,1782218674208,
1112,314,0,1782218682720,
1113,331,0,1782218692052,
1114,338,0,1782218697759,
1115,342,0,1782218704185,
1116,337,0,1782218708658,
1117,350,0,1782218713184,
1118,317,2,1782218718407,
1119,313,0,1782218722455,
1120,339,0,1782218726412,
1121,319,0,1782218732702,
1122,329,0,1782218740782,
1123,328,2,1782218778080,
1124,326,0,1782218784002,
1125,340,0,1782218788710,
1126,311,0,1782218797687,
1127,335,0,1782218802838,
1128,346,2,1782218805230,
1129,312,2,1782218809571,
1130,333,2,1782218815501,
1131,352,0,1782218823354,
1132,320,0,1782218894899,
1133,321,0,1782218901413,
1134,351,0,1782218905840,
1135,347,2,1782218910049,
1136,334,0,1782218915461,
1137,348,0,1782218948887,
1138,316,2,1782218952652,
1139,330,0,1782218958367,
1140,353,0,1782218966049,
1141,322,0,1782218969283,
1142,336,0,1782218971639,
1143,324,0,1782218980944,
1144,349,0,1782218985419,
1145,332,2,1782218991777,
1146,318,2,1782219005247,
1147,344,0,1782219008398,
1148,314,2,1782219012974,
1149,331,2,1782219018416,
1150,338,2,1782219027234,
1151,342,2,1782219029570,
1152,337,0,1782219032500,
1153,350,0,1782219038519,
1154,313,2,1782219044621,
1155,339,0,1782219066382,
1156,319,2,1782219072083,
1157,329,0,1782219078282,
1158,326,2,1782219085819,
1159,340,0,1782219089700,
1160,311,2,1782219093854,
1161,335,2,1782219097356,
1162,352,0,1782219105996,
1163,320,2,1782219117914,
1164,321,0,1782219123405,
1165,351,0,1782219128229,
1166,334,2,1782219132503,
1167,348,0,1782219137544,
1168,330,0,1782219141374,
1169,36,2,1782223827902,1
1170,14,2,1782229795822,1
1171,38,2,1782229798729,1
1172,31,0,1782229801036,1
1173,27,2,1782229802652,1
1174,53,0,1782229804119,1
1175,4,2,1782233233382,4
1176,5,2,1782233236858,4
1177,93,0,1782264042361,1
1178,59,0,1782264047124,1
1179,61,0,1782264049923,1
1180,78,2,1782264053407,1
1181,96,0,1782264057123,1
1182,91,0,1782264060514,1
1183,101,0,1782264063720,1
1184,63,2,1782264068105,1
1185,92,2,1782264071177,1
1186,87,2,1782264074082,1
1187,86,2,1782264076817,1
1188,97,2,1782264079323,1
1189,58,0,1782264084285,1
1190,93,0,1782264089046,1
1191,59,2,1782264091315,1
1192,61,0,1782264095730,1
1193,96,2,1782264098259,1
1194,91,2,1782264101433,1
1195,101,0,1782264104029,1
1196,58,2,1782264108276,1
1197,128,2,1782268097698,1
1198,130,0,1782268100240,1
1199,149,2,1782268102552,1
1200,143,0,1782268106777,1
1201,140,2,1782268109811,1
1202,142,2,1782268112206,1
1203,129,2,1782268114430,1
1204,118,2,1782268118120,1
1205,109,0,1782268122822,1
1206,121,2,1782268124939,1
1207,134,2,1782268126935,1
1208,145,0,1782268131782,1
1209,141,0,1782268136306,1
1210,132,2,1782268139649,1
1211,147,2,1782268142643,1
1212,131,2,1782268146356,1
1213,110,2,1782268148632,1
1214,103,2,1782268152853,1
1215,138,2,1782268158742,1
1216,133,0,1782268163023,1
1217,112,0,1782268169806,1
1218,116,2,1782268171993,1
1219,136,2,1782268174967,1
1220,111,0,1782268179088,1
1221,130,0,1782268181190,1
1222,143,2,1782268183935,1
1223,109,2,1782268186395,1
1224,145,2,1782268188659,1
1225,141,0,1782268195221,1
1226,133,2,1782268197842,1
1227,112,2,1782268200485,1
1228,111,2,1782268202511,1
1229,173,0,1782268220906,1
1230,176,0,1782268224772,1
1231,194,0,1782268227562,1
1232,200,2,1782268230283,1
1233,165,0,1782268235332,1
1234,168,2,1782268238339,1
1235,180,2,1782268244023,1
1236,184,0,1782268250851,1
1237,166,0,1782268256828,1
1238,201,2,1782268259882,1
1239,182,0,1782268266075,1
1240,157,2,1782268271840,1
1241,155,0,1782268277760,1
1242,164,0,1782268281534,1
1243,189,2,1782268283675,1
1244,154,0,1782268289201,1
1245,199,0,1782268297133,1
1246,178,2,1782268299383,1
1247,188,2,1782268305744,1
1248,195,0,1782268315192,1
1249,179,2,1782268325490,1
1250,171,2,1782268327309,1
1251,161,2,1782268332384,1
1252,202,0,1782268340286,1
1253,185,2,1782268343215,1
1254,153,2,1782268351046,1
1255,192,0,1782268355168,1
1256,186,2,1782268362586,1
1257,190,2,1782268365371,1
1258,163,0,1782268370832,1
1259,175,0,1782268378529,1
1260,196,2,1782268385292,1
1261,177,0,1782268392162,1
1262,172,0,1782268395961,1
1263,191,0,1782268400584,1
1264,193,0,1782268403124,1
1265,181,0,1782268410916,1
1266,158,0,1782268419108,1
1267,169,2,1782268422805,1
1268,198,0,1782268427971,1
1269,160,2,1782268432187,1
1270,183,0,1782268436528,1
1271,170,2,1782268443128,1
1272,162,0,1782268448096,1
1273,203,0,1782268453524,1
1274,167,0,1782268457014,1
1275,159,2,1782268514558,1
1276,174,2,1782268516511,1
1277,152,0,1782268519565,1
1278,187,2,1782268526685,1
1279,156,2,1782268530911,1
1280,197,2,1782268533106,1
1281,173,2,1782268536795,1
1282,176,2,1782268539833,1
1283,194,0,1782268542905,1
1284,165,0,1782268546540,1
1285,184,2,1782268550655,1
1286,166,0,1782268556371,1
1287,182,0,1782268560417,1
1288,155,0,1782268567060,1
1289,164,0,1782268570815,1
1290,154,2,1782268573720,1
1291,199,2,1782268576375,1
1292,195,2,1782268578682,1
1293,202,2,1782268581310,1
1294,192,0,1782268584796,1
1295,163,0,1782268589531,1
1296,175,2,1782268591858,1
1297,177,2,1782268594154,1
1298,172,2,1782268597482,1
1299,191,0,1782268603775,1
1300,193,0,1782268609219,1
1301,181,0,1782268615814,1
1302,158,2,1782268619052,1
1303,198,2,1782268622028,1
1304,183,2,1782268626537,1
1305,162,0,1782268630369,1
1306,203,2,1782268632907,1
1307,167,2,1782268635473,1
1308,152,2,1782268641025,1
1309,250,0,1782278145234,1
1310,223,2,1782278154105,1
1311,204,2,1782285586599,1
1312,237,2,1782285592948,1
1313,235,2,1782285597779,1
1314,227,2,1782285598831,1
1315,243,2,1782285601390,1
1316,228,0,1782285606192,1
1317,229,0,1782285625670,1
1318,207,0,1782285637401,1
1319,238,0,1782285640119,1
1320,222,2,1782285646806,1
1321,220,0,1782285650924,1
1322,239,2,1782285656256,1
1323,249,0,1782285659505,1
1324,205,2,1782285664495,1
1325,213,0,1782285679409,1
1326,246,0,1782285682575,1
1327,252,2,1782285687215,1
1328,253,0,1782285689416,1
1329,211,2,1782285702387,1
1330,219,2,1782285705249,1
1331,221,2,1782285708082,1
1332,248,2,1782285710638,1
1333,251,0,1782285714084,1
1334,242,0,1782285718568,1
1335,208,2,1782285724472,1
1336,214,2,1782285741242,1
1337,240,0,1782285746707,1
1338,225,2,1782285764394,1
1339,210,0,1782285779799,1
1340,206,0,1782285789400,1
1341,215,0,1782285799678,1
1342,209,2,1782285809646,1
1343,247,2,1782285866953,1
1344,226,2,1782285870478,1
1345,212,0,1782285883183,1
1346,254,2,1782285885424,1
1347,233,0,1782285888743,1
1348,244,0,1782285893090,1
1349,245,2,1782285896785,1
1350,218,0,1782286054262,1
1351,217,0,1782286057039,1
1352,234,0,1782286156139,1
1353,241,0,1782286159546,1
1354,236,0,1782286163317,1
1355,224,2,1782286169118,1
1356,231,2,1782286172363,1
1357,216,0,1782286177264,1
1358,230,0,1782286322680,1
1359,255,2,1782286324278,1
1360,232,2,1782286325913,1
1361,229,2,1782286328290,1
1362,207,0,1782286338384,1
1363,238,0,1782286341060,1
1364,220,0,1782286376696,1
1365,249,0,1782286380799,1
1366,213,2,1782286384406,1
1367,246,2,1782286386871,1
1368,253,0,1782286405405,1
1369,251,0,1782286422044,1
1370,242,2,1782286426020,1
1371,240,0,1782286428463,1
1372,210,0,1782286438246,1
1373,206,2,1782286669078,1
1374,215,2,1782286672330,1
1375,212,0,1782286866935,1
1376,233,0,1782286905056,1
1377,244,2,1782286908203,1
1378,218,0,1782286913844,1
1379,217,0,1782286924234,1
1380,234,0,1782286927794,1
1381,241,2,1782286930104,1
1382,236,2,1782286935370,1
1383,216,0,1782286938808,1
1384,230,2,1782286941216,1
1385,287,0,1782286963251,1
1386,304,2,1782286965306,1
1387,302,2,1782286985994,1
1388,306,0,1782286989784,1
1389,277,2,1782286999542,1
1390,307,0,1782287002080,1
1391,262,0,1782287005979,1
1392,286,0,1782287012882,1
1393,296,0,1782287015809,1
1394,273,0,1782287057208,1
1395,305,2,1782287065480,1
1396,293,2,1782287070108,1
1397,285,0,1782287076172,1
1398,270,0,1782287096598,1
1399,291,2,1782287100424,1
1400,297,0,1782287105044,1
1401,265,0,1782287108871,1
1402,267,0,1782287139717,1
1403,308,0,1782287148599,1
1404,266,0,1782287151982,1
1405,278,2,1782287158210,1
1406,289,2,1782287162006,1
1407,256,0,1782287167409,1
1408,268,0,1782287174067,1
1409,271,0,1782287179574,1
1410,283,0,1782287185602,1
1411,263,0,1782287189246,1
1412,274,2,1782287227735,1
1413,269,0,1782287233358,1
1414,299,0,1782287236772,1
1415,292,0,1782287241365,1
1416,303,0,1782287248813,1
1417,276,0,1782287254305,1
1418,287,0,1782287274611,1
1419,306,2,1782287277405,1
1420,307,0,1782287279870,1
1421,262,0,1782287284561,1
1422,286,0,1782287287936,1
1423,385,2,1782287804442,5
1424,52,2,1782287841263,5
1425,51,2,1782290671864,5
1426,54,2,1782290741856,5
1427,55,0,1782290763062,5
1428,18,0,1782290778224,5
1429,55,0,1782290884344,5
1430,18,2,1782290896070,5
1431,256,2,1782371438010,1
1432,278,2,1782371443393,1
1433,279,2,1782371446197,1
1434,264,2,1782371448798,1
1435,269,2,1782371454986,1
1436,285,2,1782371458165,1
1437,276,0,1782371462310,1
1438,288,2,1782371464434,1
1439,267,0,1782371475203,1
1440,298,2,1782371491845,1
1441,266,0,1782371494287,1
1442,265,0,1782371499987,1
1443,296,0,1782371503255,1
1444,308,2,1782371506576,1
1445,261,2,1782371509478,1
1446,258,2,1782371515767,1
1447,297,0,1782371771203,1
1448,287,2,1782371774472,1
1449,271,0,1782371779549,1
1450,284,2,1782371782258,1
1451,299,0,1782371786154,1
1452,303,0,1782371788798,1
1453,260,2,1782371810271,1
1454,262,2,1782371815242,1
1455,259,2,1782371817484,1
1456,291,2,1782371820370,1
1457,263,0,1782371823984,1
1458,292,0,1782371827927,1
1459,294,0,1782371831930,1
1460,286,0,1782371835355,1
1461,295,2,1782371840511,1
1462,272,2,1782371843137,1
1463,268,0,1782371850262,1
1464,290,2,1782371853079,1
1465,307,0,1782371857222,1
1466,280,2,1782371859476,1
1467,257,2,1782371862319,1
1468,273,2,1782371882264,1
1469,281,2,1782371888305,1
1470,300,2,1782371891601,1
1471,270,2,1782371894581,1
1472,282,2,1782371897713,1
1473,275,2,1782371900157,1
1474,283,2,1782371904677,1
1475,301,2,1782371909232,1
1476,306,2,1782371912086,1
1477,276,0,1782371925526,1
1478,267,2,1782371932476,1
1479,266,0,1782371937102,1
1480,265,2,1782371940795,1
1481,296,2,1782371943813,1
1482,297,0,1782371951221,1
1483,271,0,1782371963700,1
1484,299,0,1782371993296,1
1485,303,0,1782371996661,1
1486,263,0,1782372010749,1
1487,292,2,1782372014666,1
1488,294,2,1782372017185,1
1489,286,0,1782372021737,1
1490,268,0,1782372029652,1
1491,307,0,1782372033366,1
1492,354,2,1782384656338,1
1493,402,2,1782384660034,1
1494,8,2,1782393024521,5
1495,96,2,1782485653012,1
1496,61,2,1782485657209,1
1497,58,0,1782485661813,1
1498,59,2,1782485665227,1
1499,93,0,1782485670635,1
1500,101,2,1782485673864,1
1501,91,2,1782485678833,1
1502,58,2,1782485683466,1
1503,93,2,1782485685333,1
1504,145,2,1782485698936,1
1505,109,2,1782485704828,1
1506,111,0,1782485709709,1
1507,112,2,1782485714142,1
1508,130,2,1782485717924,1
1509,141,2,1782485721768,1
1510,133,2,1782485726512,1
1511,143,0,1782485732580,1
1512,111,2,1782485738185,1
1513,143,2,1782485741036,1
1514,202,2,1782485752089,1
1515,181,2,1782485765627,1
1516,152,2,1782485770068,1
1517,203,2,1782485772912,1
1518,154,2,1782485775651,1
1519,172,2,1782485779637,1
1520,194,2,1782485782904,1
1521,182,2,1782485786594,1
1522,166,0,1782485792052,1
1523,167,2,1782485795881,1
1524,176,2,1782485798745,1
1525,198,2,1782485806781,1
1526,173,2,1782485809681,1
1527,164,0,1782485815092,1
1528,163,0,1782485820582,1
1529,165,0,1782485825461,1
1530,193,2,1782485828782,1
1531,192,0,1782485834209,1
1532,184,2,1782485838549,1
1533,158,2,1782485844874,1
1534,191,0,1782485852961,1
1535,199,2,1782485856429,1
1536,183,0,1782485862509,1
1537,177,2,1782485868280,1
1538,195,0,1782485879924,1
1539,155,2,1782485884302,1
1540,179,2,1782485891148,1
1541,175,2,1782485895389,1
1542,162,0,1782485901953,1
1543,166,0,1782485909084,1
1544,164,0,1782485914361,1
1545,163,0,1782485919999,1
1546,165,0,1782485923598,1
1547,192,0,1782485930683,1
1548,191,0,1782485936032,1
1549,183,2,1782485939150,1
1550,195,2,1782485942122,1
1551,162,0,1782485951212,1
1552,228,0,1782485966997,1
1553,215,2,1782485974402,1
1554,216,0,1782485979023,1
1555,220,0,1782485984285,1
1556,240,0,1782485991820,1
1557,213,2,1782485996548,1
1558,234,0,1782486003921,1
1559,249,0,1782486009243,1
1560,210,0,1782486017525,1
1561,212,2,1782486024901,1
1562,207,0,1782486049389,1
1563,233,0,1782486053665,1
1564,206,0,1782486063867,1
1565,244,2,1782486070232,1
1566,217,0,1782486075554,1
1567,238,0,1782486080481,1
1568,242,0,1782486095168,1
1569,241,0,1782486101629,1
1570,251,0,1782486111000,1
1571,253,0,1782486115039,1
1572,250,2,1782486123508,1
1573,246,2,1782486126472,1
1574,229,2,1782486132605,1
1575,218,0,1782486142745,1
1576,236,2,1782486147770,1
1577,230,2,1782486152702,1
1578,228,0,1782486159022,1
1579,216,2,1782486163257,1
1580,220,0,1782486169835,1
1581,240,0,1782486174640,1
1582,234,2,1782486177142,1
1583,249,2,1782486181026,1
1584,210,2,1782486189451,1
1585,207,2,1782486194569,1
1586,233,0,1782486199957,1
1587,206,2,1782486204332,1
1588,217,2,1782486209767,1
1589,238,2,1782486212554,1
1590,242,2,1782486217385,1
1591,241,2,1782486221515,1
1592,251,0,1782486226072,1
1593,253,2,1782486235625,1
1594,218,2,1782486240413,1
1595,269,0,1782486262899,1
1596,262,0,1782486268581,1
1597,263,0,1782486282329,1
1598,292,0,1782486286248,1
1599,308,2,1782486295281,1
1600,273,0,1782486300874,1
1601,267,0,1782486309996,1
1602,287,2,1782486321828,1
1603,303,0,1782486324327,1
1604,283,2,1782486326595,1
1605,307,0,1782486333217,1
1606,270,0,1782486338225,1
1607,265,0,1782486348330,1
1608,294,2,1782486354739,1
1609,286,0,1782486360033,1
1610,285,2,1782486362569,1
1611,276,0,1782486367182,1
1612,297,2,1782486370587,1
1613,266,0,1782486376559,1
1614,256,2,1782486380145,1
1615,296,0,1782486385187,1
1616,271,0,1782486391345,1
1617,299,0,1782486397618,1
1618,268,0,1782486405854,1
1619,269,0,1782486416466,1
1620,262,2,1782486420533,1
1621,263,0,1782486427389,1
1622,292,2,1782486430523,1
1623,273,2,1782486434750,1
1624,267,0,1782486441989,1
1625,303,0,1782486444435,1
1626,307,0,1782486452927,1
1627,270,2,1782486464267,1
1628,265,2,1782486469654,1
1629,286,0,1782486474543,1
1630,276,2,1782486481706,1
1631,266,0,1782486485338,1
1632,296,0,1782486489983,1
1633,271,0,1782486497210,1
1634,299,0,1782486502765,1
1635,268,2,1782486507410,1
1636,393,2,1782488197165,1
1637,403,2,1782488200421,1
1638,419,0,1782488215181,1
1639,396,2,1782488223124,1
1640,406,0,1782488232096,1
1641,392,2,1782488246388,1
1642,359,2,1782488252868,1
1643,390,0,1782488257292,1
1644,421,0,1782488261358,1
1645,413,0,1782488277999,1
1646,418,0,1782488324756,1
1647,416,0,1782488330736,1
1648,372,0,1782488336839,1
1649,383,2,1782488341543,1
1650,401,0,1782488347387,1
1651,405,0,1782488363997,1
1652,394,2,1782488367499,1
1653,364,0,1782488373403,1
1654,377,0,1782488382128,1
1655,361,2,1782488386054,1
1656,412,0,1782488391808,1
1657,414,0,1782488401747,1
1658,423,0,1782488409902,1
1659,358,2,1782488413691,1
1660,398,0,1782488420983,1
1661,354,2,1782488424203,1
1662,365,2,1782488427489,1
1663,407,2,1782488477804,1
1664,355,0,1782488484087,1
1665,376,0,1782488490972,1
1666,400,2,1782488530797,1
1667,375,0,1782488536772,1
1668,417,0,1782488544547,1
1669,389,2,1782488547859,1
1670,397,2,1782488550249,1
1671,370,2,1782488552699,1
1672,384,2,1782488560970,1
1673,363,0,1782488567631,1
1674,404,0,1782488575984,1
1675,382,0,1782488587113,1
1676,371,0,1782488601863,1
1677,362,2,1782488605387,1
1678,368,2,1782488617523,1
1679,379,0,1782488623867,1
1680,422,0,1782488725916,1
1681,411,0,1782489246381,1
1682,373,2,1782489321349,1
1683,408,2,1782489394788,1
1684,381,0,1782489413356,1
1685,410,2,1782490298470,1
1686,395,0,1782490299542,1
1687,366,2,1782490314989,1
1688,369,2,1782490664480,1
1689,415,0,1782490669006,1
1690,388,0,1782490674844,1
1691,409,0,1782490678629,1
1692,387,0,1782490700996,1
1693,356,0,1782490707309,1
1694,399,0,1782490714906,1
1695,378,0,1782490720721,1
1696,402,2,1782490760079,1
1697,386,2,1782490762178,1
1698,374,0,1782490788006,1
1699,360,2,1782490799822,1
1700,391,2,1782490807080,1
1701,357,2,1782490820393,1
1702,420,0,1782490831673,1
1703,380,0,1782490878638,1
1704,367,2,1782490882298,1
1705,419,0,1782490962386,1
1706,406,2,1782490965802,1
1707,390,0,1782490971005,1
1708,421,0,1782490987669,1
1709,413,0,1782490992017,1
1710,418,0,1782491000047,1
1711,416,0,1782491007080,1
1712,372,2,1782491072768,1
1713,401,0,1782491076160,1
1714,405,0,1782491101227,1
1715,364,0,1782491114122,1
1716,377,0,1782491118825,1
1717,412,0,1782491153847,1
1718,414,0,1782491158065,1
1719,423,2,1782491163733,1
1720,398,0,1782491167227,1
1721,355,0,1782491175972,1
1722,376,0,1782491205287,1
1723,375,2,1782491207516,1
1724,417,0,1782491233698,1
1725,363,0,1782491236221,1
1726,404,2,1782491241006,1
1727,382,0,1782491252510,1
1728,371,2,1782491264445,1
1729,379,0,1782491267081,1
1730,422,0,1782491272516,1
1731,411,2,1782491274674,1
1732,381,2,1782491278833,1
1733,395,0,1782491281930,1
1734,415,0,1782491286685,1
1735,388,2,1782491290664,1
1736,409,2,1782491293424,1
1737,387,2,1782491296624,1
1738,356,2,1782491303141,1
1739,399,0,1782491317727,1
1740,378,2,1782491321156,1
1741,374,2,1782491326458,1
1742,420,2,1782491328977,1
1743,380,0,1782491333599,1
1744,439,2,1782638420130,1
1745,457,2,1782638425463,1
1746,447,2,1782638427230,1
1747,471,0,1782638430158,1
1748,456,2,1782638432838,1
1749,433,0,1782638436208,1
1750,454,2,1782638439611,1
1751,464,2,1782638442980,1
1752,440,2,1782638446000,1
1753,445,2,1782638475881,1
1754,463,0,1782638479770,1
1755,438,0,1782638484023,1
1756,459,2,1782638486880,1
1757,460,2,1782638497955,1
1758,425,2,1782638500667,1
1759,434,0,1782638505348,1
1760,465,0,1782638510470,1
1761,451,0,1782638530427,1
1762,462,0,1782638535569,1
1763,452,2,1782638538118,1
1764,448,2,1782638540580,1
1765,431,0,1782638561260,1
1766,436,0,1782638571840,1
1767,430,0,1782638576061,1
1768,455,2,1782638586047,1
1769,428,0,1782638589893,1
1770,442,2,1782638593864,1
1771,432,2,1782638602486,1
1772,426,2,1782638605967,1
1773,441,0,1782638615176,1
1774,472,0,1782638672863,1
1775,453,0,1782638677253,1
1776,444,2,1782638682189,1
1777,461,2,1782638720213,1
1778,437,2,1782638732223,1
1779,467,2,1782638734782,1
1780,443,2,1782638737196,1
1781,424,2,1782638740565,1
1782,466,0,1782638748032,1
1783,458,2,1782638752214,1
1784,435,2,1782638755009,1
1785,469,2,1782638762092,1
1786,429,0,1782638771621,1
1787,449,2,1782638775057,1
1788,470,2,1782639890088,1
1789,446,2,1782639891537,1
1790,450,2,1782639894200,1
1791,427,0,1782639898771,1
1792,473,2,1782639909266,1
1793,468,2,1782639941054,1
1794,471,2,1782639942885,1
1795,433,2,1782639946471,1
1796,463,2,1782639951026,1
1797,438,0,1782639955000,1
1798,434,2,1782639959921,1
1799,465,0,1782639963143,1
1800,451,2,1782639965489,1
1801,462,2,1782639982201,1
1802,431,0,1782640001318,1
1803,436,2,1782640035325,1
1804,430,0,1782640039304,1
1805,428,0,1782640042332,1
1806,441,2,1782640089844,1
1807,472,0,1782640092913,1
1808,453,0,1782640096598,1
1809,466,0,1782640100600,1
1810,429,2,1782640103691,1
1811,427,2,1782640107206,1
1812,505,0,1782641604853,1
1813,478,0,1782641607017,1
1814,495,2,1782641610007,1
1815,498,0,1782641614137,1
1816,520,2,1782641617212,1
1817,513,0,1782641623912,1
1818,519,0,1782641851689,1
1819,486,0,1782641880318,1
1820,477,0,1782641902804,1
1821,497,0,1782641907228,1
1822,502,0,1782641925298,1
1823,490,0,1782641937861,1
1824,474,2,1782641945527,1
1825,516,2,1782641985335,1
1826,504,0,1782642010700,1
1827,488,2,1782642012939,1
1828,485,2,1782642015852,1
1829,483,0,1782642080355,1
1830,518,0,1782642089598,1
1831,479,2,1782642103187,1
1832,523,0,1782642109933,1
1833,501,2,1782642113317,1
1834,484,2,1782642115480,1
1835,510,0,1782642118573,1
1836,509,0,1782642122281,1
1837,489,2,1782642125123,1
1838,476,0,1782642130489,1
1839,521,0,1782642137236,1
1840,507,0,1782642217103,1
1841,475,2,1782642220259,1
1842,511,0,1782642223416,1
1843,522,2,1782642227482,1
1844,499,0,1782652002082,1
1845,503,0,1782652003715,1
1846,481,0,1782652008779,1
1847,508,0,1782652014619,1
1848,515,0,1782652023974,1
1849,506,2,1782652036222,1
1850,482,0,1782652040054,1
1851,493,2,1782652043554,1
1852,517,0,1782652047901,1
1853,494,2,1782652052621,1
1854,500,2,1782652054515,1
1855,512,0,1782652059869,1
1856,480,2,1782652062125,1
1857,514,0,1782652073581,1
1858,492,0,1782652078520,1
1859,487,2,1782652080470,1
1860,496,2,1782652082581,1
1861,491,0,1782652085608,1
1862,505,0,1782652088231,1
1863,478,0,1782652092034,1
1864,498,0,1782652096115,1
1865,513,2,1782652098403,1
1866,519,0,1782652101479,1
1867,486,0,1782652113291,1
1868,477,0,1782652136308,1
1869,497,2,1782652140670,1
1870,502,2,1782652142652,1
1871,490,0,1782652148913,1
1872,504,2,1782652150966,1
1873,483,0,1782652154233,1
1874,518,0,1782652159530,1
1875,523,2,1782652166271,1
1876,510,0,1782652168702,1
1877,509,0,1782652172908,1
1878,476,0,1782652176648,1
1879,521,0,1782652187869,1
1880,507,0,1782652191597,1
1881,511,0,1782652194943,1
1882,499,0,1782652203137,1
1883,503,0,1782652207507,1
1884,481,0,1782652211993,1
1885,508,0,1782652214398,1
1886,515,0,1782652220024,1
1887,482,2,1782652378528,1
1888,517,0,1782652383871,1
1889,512,2,1782652389158,1
1890,514,2,1782652393332,1
1891,492,2,1782652397007,1
1892,491,0,1782652404477,1
1893,569,0,1782653408258,1
1894,524,0,1782653411504,1
1895,574,0,1782653452648,1
1896,527,0,1782653459848,1
1897,531,0,1782653464207,1
1898,546,0,1782653469864,1
1899,532,0,1782653520756,1
1900,572,0,1782653523663,1
1901,536,2,1782653529449,1
1902,559,0,1782653532201,1
1903,568,0,1782653534487,1
1904,538,0,1782653539824,1
1905,560,0,1782653545851,1
1906,550,0,1782653549431,1
1907,540,2,1782653552600,1
1908,539,0,1782654837514,1
1909,555,0,1782654838997,1
1910,570,0,1782654848172,1
1911,535,2,1782654852786,1
1912,566,0,1782654861699,1
1913,529,0,1782654866174,1
1914,551,0,1782654871113,1
1915,552,2,1782654873338,1
1916,525,0,1782655971612,1
1917,548,0,1782655974036,1
1918,543,0,1782656786260,1
1919,544,0,1782656791098,1
1920,567,2,1782656793235,1
1921,563,0,1782656796001,1
1922,530,2,1782656799174,1
1923,562,0,1782656801790,1
1924,556,0,1782656804771,1
1925,571,0,1782656809704,1
1926,573,0,1782656813852,1
1927,542,2,1782656817627,1
1928,541,0,1782656821722,1
1929,547,0,1782656826246,1
1930,537,0,1782656829197,1
1931,545,0,1782656833362,1
1932,528,0,1782656837740,1
1933,553,0,1782656929831,1
1934,533,0,1782656933170,1
1935,565,2,1782656936174,1
1936,554,2,1782656939583,1
1937,534,0,1782656945146,1
1938,549,2,1782656948504,1
1939,561,0,1782656950919,1
1940,526,0,1782657077209,1
1941,564,0,1782657469563,1
1942,557,2,1782657470286,1
1943,558,0,1782657474585,1
1944,543,2,1782657478287,1
1945,544,2,1782657480620,1
1946,563,2,1782657483876,1
1947,562,0,1782657486886,1
1948,556,2,1782657489505,1
1949,571,0,1782657495919,1
1950,573,0,1782657500336,1
1951,541,2,1782657508976,1
1952,547,2,1782657510675,1
1953,537,2,1782657515519,1
1954,545,0,1782657519771,1
1955,528,0,1782657528926,1
1956,553,0,1782657543264,1
1957,533,0,1782657545997,1
1958,534,0,1782657548690,1
1959,561,2,1782657550862,1
1960,526,0,1782657555483,1
1961,564,0,1782657558801,1
1962,558,0,1782657562531,1
1963,590,2,1782657825664,1
1964,596,0,1782657829325,1
1965,587,2,1782657831328,1
1966,607,2,1782657834251,1
1967,594,0,1782657842405,1
1968,578,0,1782657847743,1
1969,599,2,1782657852631,1
1970,595,0,1782657856976,1
1971,581,0,1782657869785,1
1972,592,2,1782657872472,1
1973,576,2,1782657880266,1
1974,608,2,1782657882257,1
1975,600,2,1782657884467,1
1976,585,2,1782657887649,1
1977,597,0,1782657896497,1
1978,584,0,1782657899784,1
1979,589,2,1782657902216,1
1980,593,2,1782657904824,1
1981,575,2,1782657908243,1
1982,583,2,1782657913430,1
1983,601,2,1782657916621,1
1984,602,0,1782657921643,1
1985,604,2,1782657923725,1
1986,591,2,1782657925738,1
1987,577,0,1782657934266,1
1988,598,2,1782657937129,1
1989,606,2,1782657939230,1
1990,588,2,1782657941441,1
1991,586,2,1782657947446,1
1992,605,2,1782657949775,1
1993,579,0,1782657956088,1
1994,603,2,1782657962993,1
1995,582,2,1782657965906,1
1996,580,0,1782657970987,1
1997,596,2,1782657979088,1
1998,594,2,1782657981642,1
1999,578,2,1782657987782,1
2000,595,2,1782657994572,1
2001,581,2,1782658001786,1
2002,597,0,1782658013599,1
2003,584,2,1782658016034,1
2004,602,0,1782658020161,1
2005,577,2,1782658023425,1
2006,579,2,1782658026382,1
2007,580,2,1782658029439,1
2008,80,2,1782695800360,1
2009,57,2,1782695805608,1
2010,58,0,1782695812660,1
2011,94,2,1782695815806,1
2012,101,0,1782695821672,1
2013,77,2,1782695827345,1
2014,56,2,1782695829823,1
2015,99,2,1782695833158,1
2016,90,0,1782695836343,1
2017,93,2,1782695839213,1
2018,88,2,1782695841623,1
2019,89,2,1782695846133,1
2020,70,2,1782695850509,1
2021,83,2,1782695852955,1
2022,61,2,1782695856891,1
2023,66,0,1782695862496,1
2024,73,2,1782695869206,1
2025,60,2,1782695872043,1
2026,85,2,1782695874951,1
2027,67,2,1782695881074,1
2028,62,2,1782695886995,1
2029,69,2,1782695892189,1
2030,95,0,1782695896924,1
2031,96,2,1782695899831,1
2032,71,2,1782695904784,1
2033,82,2,1782695907581,1
2034,74,2,1782695910334,1
2035,68,2,1782695914302,1
2036,65,2,1782695918936,1
2037,84,2,1782695921416,1
2038,76,2,1782695925476,1
2039,72,2,1782695928323,1
2040,78,0,1782695934512,1
2041,59,2,1782695940550,1
2042,79,2,1782695943914,1
2043,75,2,1782695952649,1
2044,64,2,1782695960112,1
2045,100,2,1782695962172,1
2046,81,2,1782695965046,1
2047,91,0,1782695969451,1
2048,98,2,1782695972936,1
2049,58,0,1782695979362,1
2050,101,2,1782695984971,1
2051,90,2,1782695989051,1
2052,66,2,1782696000744,1
2053,95,0,1782696004399,1
2054,78,2,1782696008006,1
2055,91,0,1782696013456,1
2056,140,0,1782699528910,1
2057,151,2,1782699531298,1
2058,148,2,1782699534565,1
2059,113,2,1782699536199,1
2060,109,2,1782699542599,1
2061,127,2,1782699544754,1
2062,105,2,1782699552464,1
2063,125,2,1782699554443,1
2064,120,0,1782699558362,1
2065,144,2,1782699561058,1
2066,130,2,1782699563660,1
2067,103,0,1782699567260,1
2068,150,2,1782699569538,1
2069,146,2,1782699572548,1
2070,106,2,1782699576573,1
2071,122,2,1782699578533,1
2072,111,0,1782699583968,1
2073,108,2,1782699589993,1
2074,135,2,1782699593856,1
2075,102,2,1782699596359,1
2076,141,2,1782699604078,1
2077,123,2,1782699605955,1
2078,116,2,1782699609154,1
2079,114,2,1782699610844,1
2080,110,2,1782699614091,1
2081,107,2,1782699617091,1
2082,104,0,1782699623671,1
2083,143,0,1782699628582,1
2084,139,2,1782699631194,1
2085,136,0,1782699637233,1
2086,145,2,1782699640457,1
2087,119,2,1782699643061,1
2088,124,2,1782699651129,1
2089,137,2,1782699654276,1
2090,112,2,1782699678875,1
2091,129,0,1782699681452,1
2092,133,0,1782699685234,1
2093,115,2,1782699693442,1
2094,117,2,1782699695901,1
2095,126,0,1782699701471,1
2096,140,2,1782699707294,1
2097,120,2,1782699709460,1
2098,103,2,1782699716049,1
2099,111,0,1782699722443,1
2100,104,2,1782699726414,1
2101,143,0,1782699730380,1
2102,136,2,1782699733181,1
2103,129,2,1782699735153,1
2104,133,2,1782699739541,1
2105,126,2,1782699741565,1
2106,202,2,1782699755370,1
2107,154,2,1782699760756,1
2108,159,2,1782699763541,1
2109,193,2,1782699767975,1
2110,192,0,1782699773468,1
2111,152,0,1782699783961,1
2112,179,2,1782699788119,1
2113,175,2,1782699794756,1
2114,167,2,1782699796867,1
2115,183,2,1782699805128,1
2116,162,2,1782699809690,1
2117,176,2,1782699813443,1
2118,191,0,1782699819082,1
2119,203,2,1782699822310,1
2120,177,2,1782699824728,1
2121,199,2,1782699832942,1
2122,200,2,1782699836001,1
2123,155,0,1782699840119,1
2124,184,2,1782699844478,1
2125,165,0,1782699848861,1
2126,194,0,1782699853376,1
2127,158,2,1782699855728,1
2128,168,2,1782699861644,1
2129,182,2,1782699865841,1
2130,181,2,1782699868445,1
2131,163,0,1782699874244,1
2132,173,2,1782699876995,1
2133,166,0,1782699884003,1
2134,195,0,1782699893641,1
2135,164,0,1782699901220,1
2136,172,2,1782699904700,1
2137,198,0,1782699910333,1
2138,192,0,1782699915107,1
2139,152,2,1782699916990,1
2140,191,0,1782699922577,1
2141,155,2,1782699924577,1
2142,165,0,1782699928163,1
2143,194,2,1782699933383,1
2144,163,0,1782699938121,1
2145,166,0,1782699942451,1
2146,195,2,1782699944497,1
2147,164,2,1782699949100,1
2148,198,2,1782699951311,1
2149,251,0,1782700172109,1
2150,222,2,1782700175407,1
2151,218,0,1782700195328,1
2152,220,0,1782700200874,1
2153,212,2,1782700205159,1
2154,204,0,1782700643652,1
2155,240,0,1782700645243,1
2156,215,2,1782700650406,1
2157,229,2,1782700652496,1
2158,207,0,1782700664228,1
2159,233,0,1782700667773,1
2160,226,2,1782700671302,1
2161,242,2,1782700678751,1
2162,248,2,1782700684086,1
2163,230,2,1782700688787,1
2164,213,2,1782723164321,1
2165,244,2,1782723166237,1
2166,250,2,1782723169309,1
2167,246,2,1782723172891,1
2168,236,2,1782723176216,1
2169,238,0,1782723202589,1
2170,228,0,1782723206056,1
2171,234,0,1782723211026,1
2172,216,2,1782723215962,1
2173,253,0,1782723218069,1
2174,249,0,1782723224630,1
2175,231,2,1782723229487,1
2176,206,0,1782723237700,1
2177,217,0,1782723323396,1
2178,214,0,1782723338958,1
2179,210,0,1782723352779,1
2180,241,0,1782723356232,1
2181,238,0,1782723359363,1
2182,228,2,1782723361786,1
2183,234,2,1782723363787,1
2184,253,0,1782723366008,1
2185,249,2,1782723390071,1
2186,206,2,1782723400362,1
2187,217,0,1782723404313,1
2188,214,0,1782723411090,1
2189,210,2,1782723415580,1
2190,241,0,1782723419871,1
2191,267,2,1782723452680,1
2192,268,2,1782723458012,1
2193,304,2,1782723460358,1
2194,278,0,1782723465904,1
2195,308,2,1782723472618,1
2196,306,0,1782723478362,1
2197,256,2,1782723481178,1
2198,270,2,1782723503072,1
2199,277,2,1782723505783,1
2200,299,0,1782723520065,1
2201,285,2,1782723522413,1
2202,269,0,1782723634702,1
2203,305,0,1782723641022,1
2204,286,0,1782723910052,1
2205,273,0,1782723919698,1
2206,307,0,1782723921548,1
2207,294,2,1782723925631,1
2208,283,2,1782723928557,1
2209,271,0,1782723933607,1
2210,289,2,1782723936892,1
2211,276,2,1782723945168,1
2212,265,0,1782723955368,1
2213,291,0,1782724037161,1
2214,303,0,1782724182919,1
2215,287,0,1782724187958,1
2216,263,0,1782724218739,1
2217,292,0,1782724270132,1
2218,293,0,1782724475285,1
2219,297,2,1782724478263,1
2220,296,0,1782724490651,1
2221,262,0,1782724526935,1
2222,274,0,1782724531799,1
2223,302,0,1782724578196,1
2224,266,0,1782724590676,1
2225,278,0,1782724594382,1
2226,306,2,1782724600492,1
2227,299,0,1782724605558,1
2228,269,0,1782724612673,1
2229,305,0,1782724618275,1
2230,286,0,1782724632509,1
2231,273,2,1782724636325,1
2232,307,0,1782724640144,1
2233,271,2,1782724647178,1
2234,265,0,1782724652205,1
2235,291,0,1782724656146,1
2236,303,0,1782724666175,1
2237,287,0,1782724681634,1
2238,263,0,1782724709024,1
2239,292,0,1782724784904,1
2240,293,2,1782724791669,1
2241,296,0,1782724800787,1
2242,262,0,1782724806130,1
2243,274,2,1782724808562,1
2244,302,2,1782724908026,1
2245,266,0,1782724912759,1
2246,405,0,1782725862911,1
2247,370,2,1782725866505,1
2248,410,2,1782725873940,1
2249,357,2,1782725882880,1
2250,389,2,1782725886124,1
2251,407,2,1782725892926,1
2252,366,2,1782725900901,1
2253,364,2,1782725903760,1
2254,373,0,1782725908761,1
2255,402,2,1782725916255,1
2256,360,0,1782725921831,1
2257,380,0,1782725931414,1
2258,388,2,1782725935602,1
2259,406,0,1782725944835,1
2260,394,0,1782725955278,1
2261,358,2,1782725966391,1
2262,384,2,1782725977387,1
2263,393,2,1782725984367,1
2264,421,0,1782725996119,1
2265,419,0,1782726023732,1
2266,413,0,1782726056437,1
2267,372,2,1782726060651,1
2268,383,2,1782726067582,1
2269,409,2,1782726074580,1
2270,361,2,1782726077404,1
2271,381,0,1782726082950,1
2272,415,0,1782726088725,1
2273,379,0,1782726092543,1
2274,386,2,1782726094345,1
2275,422,0,1782726100622,1
2276,418,2,1782726103910,1
2277,399,0,1782726111724,1
2278,363,0,1782726118515,1
2279,374,0,1782726125844,1
2280,397,2,1782726128013,1
2281,417,0,1782726137344,1
2282,367,2,1782726140566,1
2283,412,0,1782726146550,1
2284,378,2,1782726151297,1
2285,387,2,1782726154692,1
2286,398,0,1782726159268,1
2287,382,2,1782726166347,1
2288,423,2,1782726170833,1
2289,355,0,1782726410309,1
2290,401,0,1782726413744,1
2291,392,2,1782726418869,1
2292,411,2,1782726422435,1
2293,420,0,1782726425433,1
2294,354,2,1782726428999,1
2295,414,0,1782726435329,1
2296,368,2,1782726461820,1
2297,375,0,1782726465185,1
2298,395,0,1782726468325,1
2299,442,2,1782743680610,1
2300,433,2,1782743686550,1
2301,470,2,1782743690667,1
2302,432,0,1782743702725,1
2303,468,2,1782743706368,1
2304,450,2,1782743709436,1
2305,436,2,1782743713109,1
2306,456,2,1782743715425,1
2307,437,2,1782743722910,1
2308,458,2,1782743726905,1
2309,455,2,1782743729598,1
2310,462,2,1782743845137,1
2311,461,2,1782743849667,1
2312,464,0,1782743854001,1
2313,444,2,1782743857765,1
2314,424,2,1782743861162,1
2315,434,0,1782743864660,1
2316,445,2,1782743866737,1
2317,446,2,1782743868690,1
2318,466,0,1782743871872,1
2319,459,2,1782743873966,1
2320,425,2,1782743876402,1
2321,467,2,1782743881025,1
2322,441,0,1782743888482,1
2323,427,0,1782743894757,1
2324,428,0,1782743901883,1
2325,460,2,1782743904153,1
2326,429,0,1782743907720,1
2327,443,2,1782749468572,1
2328,435,2,1782749469481,1
2329,440,2,1782749472824,1
2330,452,2,1782749478330,1
2331,469,0,1782749488219,1
2332,454,2,1782749492839,1
2333,472,0,1782749499431,1
2334,431,2,1782749504505,1
2335,449,2,1782749506205,1
2336,463,2,1782749511681,1
2337,465,0,1782749519889,1
2338,438,0,1782749538883,1
2339,453,0,1782749544761,1
2340,426,0,1782749641235,1
2341,473,2,1782749647454,1
2342,457,2,1782749652044,1
2343,430,0,1782749658308,1
2344,471,2,1782749660554,1
2345,447,2,1782749663966,1
2346,439,2,1782749666195,1
2347,451,2,1782749670029,1
2348,448,2,1782749672037,1
2349,469,0,1782750020192,1
2350,472,2,1782750023394,1
2351,465,0,1782750027001,1
2352,438,2,1782750029092,1
2353,453,2,1782750032256,1
2354,426,0,1782750039202,1
2355,430,2,1782750042344,1
2356,503,0,1782750515273,1
2357,487,2,1782750517354,1
2358,476,0,1782750526337,1
2359,505,0,1782750530338,1
2360,477,2,1782750536400,1
2361,508,2,1782750538576,1
2362,493,2,1782750543142,1
2363,484,2,1782750546644,1
2364,514,0,1782750556184,1
2365,521,0,1782751137618,1
2366,482,0,1782751141406,1
2367,511,0,1782751146660,1
2368,480,2,1782751148849,1
2369,517,0,1782751160247,1
2370,479,2,1782751195426,1
2371,474,0,1782751202924,1
2372,475,2,1782751205516,1
2373,490,0,1782751209002,1
2374,523,2,1782751211598,1
2375,485,0,1782751217585,1
2376,498,0,1782751223884,1
2377,481,2,1782751227349,1
2378,489,2,1782751230418,1
2379,509,0,1782751237747,1
2380,502,2,1782751239827,1
2381,494,0,1782751246730,1
2382,507,0,1782751254338,1
2383,510,0,1782751256658,1
2384,500,2,1782751258347,1
2385,522,2,1782751267407,1
2386,504,2,1782751270174,1
2387,497,0,1782751276647,1
2388,512,0,1782751281146,1
2389,518,0,1782751285796,1
2390,519,0,1782751296624,1
2391,478,2,1782751300357,1
2392,515,0,1782751308845,1
2393,488,2,1782751315462,1
2394,495,2,1782751318196,1
2395,492,2,1782751321864,1
2396,496,2,1782751323763,1
2397,506,2,1782751325673,1
2398,501,2,1782751327457,1
2399,483,0,1782751341205,1
2400,516,2,1782751346701,1
2401,513,0,1782751352679,1
2402,520,2,1782751357855,1
2403,486,2,1782751365781,1
2404,499,0,1782751371215,1
2405,491,0,1782751375974,1
2406,503,0,1782751387796,1
2407,476,0,1782751395521,1
2408,505,0,1782751399082,1
2409,514,2,1782751401142,1
2410,521,0,1782751408192,1
2411,482,2,1782751412038,1
2412,511,2,1782751414922,1
2413,517,0,1782751470137,1
2414,474,2,1782751476229,1
2415,490,2,1782751481435,1
2416,485,2,1782751484377,1
2417,498,0,1782751524870,1
2418,509,0,1782751529482,1
2419,494,0,1782751533939,1
2420,507,0,1782751539140,1
2421,510,0,1782751541735,1
2422,497,0,1782751545387,1
2423,512,0,1782751549043,1
2424,518,0,1782751552032,1
2425,519,0,1782751557064,1
2426,515,0,1782751562367,1
2427,483,2,1782751564730,1
2428,513,0,1782751567650,1
2429,499,0,1782751572925,1
2430,491,0,1782751576506,1
2431,564,0,1782752272781,1
2432,543,2,1782752280389,1
2433,550,0,1782752288737,1
2434,560,0,1782752292852,1
2435,527,2,1782752300962,1
2436,568,0,1782752305401,1
2437,541,2,1782752314068,1
2438,539,0,1782752318870,1
2439,570,0,1782752327423,1
2440,566,0,1782752409763,1
2441,542,2,1782752412221,1
2442,572,0,1782752416698,1
2443,526,2,1782752420189,1
2444,573,0,1782752426737,1
2445,547,2,1782752429106,1
2446,571,0,1782752441907,1
2447,534,0,1782752447129,1
2448,567,0,1782752456318,1
2449,552,2,1782752458745,1
2450,536,2,1782752461384,1
2451,558,0,1782752470515,1
2452,524,0,1782752477111,1
2453,426,2,1782840857412,1
2454,472,0,1782840861845,1
2455,432,2,1782840866046,1
2456,430,2,1782840869655,1
2457,438,2,1782840927834,1
2458,465,2,1782840933068,1
2459,453,2,1782840937050,1
2460,466,2,1782841308759,1
2461,434,0,1782841324682,1
2462,431,2,1782841326666,1
2463,469,2,1782841331601,1
2464,464,0,1782841335410,1
2465,427,2,1782841337949,1
2466,428,2,1782841340627,1
2467,429,2,1782841343128,1
2468,441,0,1782841351198,1
2469,472,0,1782841375356,1
2470,434,2,1782841477233,1
2471,464,2,1782841480351,1
2472,441,2,1782841499753,1
2473,546,2,1782841519455,1
2474,529,2,1782841522864,1
2475,545,0,1782841528374,1
2476,555,0,1782841534569,1
2477,563,2,1782841538659,1
2478,554,2,1782841558189,1
2479,553,0,1782841568641,1
2480,538,2,1782841575517,1
2481,549,2,1782841579487,1
2482,544,2,1782841582721,1
2483,550,2,1782841584655,1
2484,565,2,1782841590675,1
2485,537,2,1782841593731,1
2486,568,0,1782841597072,1
2487,560,0,1782841603179,1
2488,551,0,1782841609619,1
2489,528,2,1782841618264,1
2490,524,0,1782841621217,1
2491,527,2,1782841628634,1
2492,558,0,1782841633043,1
2493,532,2,1782841640215,1
2494,535,2,1782841643365,1
2495,567,0,1782841655040,1
2496,570,2,1782841659213,1
2497,574,0,1782841815339,1
2498,534,0,1782841818743,1
2499,564,2,1782841822265,1
2500,531,0,1782841830200,1
2501,572,0,1782841833919,1
2502,569,0,1782841836960,1
2503,562,0,1782841840735,1
2504,469,0,1782891022906,1
2505,432,2,1782891025294,1
2506,465,2,1782891027880,1
2507,434,2,1782891031210,1
2508,428,0,1782891035260,1
2509,429,2,1782891037114,1
2510,426,2,1782891039378,1
2511,464,0,1782891046178,1
2512,472,2,1782891051418,1
2513,427,2,1782891054129,1
2514,466,0,1782891056854,1
2515,441,2,1782891059873,1
2516,469,2,1782891063670,1
2517,428,0,1782891090144,1
2518,464,0,1782891093716,1
2519,466,2,1782891095990,1
2520,162,0,1782898704321,1
2521,174,0,1782898710582,1
2522,32,2,1782898713111,1
2523,590,2,1782898715626,1
2524,97,0,1782898955229,1
2525,91,0,1782898958593,1
2526,78,2,1782898960799,1
2527,95,2,1782898964105,1
2528,92,2,1782898968529,1
2529,101,0,1782899100059,1
2530,66,0,1782899106224,1
2531,90,0,1782899111372,1
2532,87,2,1782899114683,1
2533,63,2,1782899123924,1
2534,58,0,1782899133652,1
2535,86,0,1782899138089,1
2536,97,2,1782899141272,1
2537,91,0,1782899175249,1
2538,101,0,1782899331846,1
2539,66,2,1782899339654,1
2540,90,2,1782899342019,1
2541,58,2,1782899347711,1
2542,86,2,1782899350187,1
2543,143,0,1782899365861,1
2544,147,2,1782899369843,1
2545,136,0,1782899373719,1
2546,111,0,1782899377973,1
2547,132,2,1782899382042,1
2548,118,2,1782899384640,1
2549,126,2,1782899388045,1
2550,140,0,1782899393692,1
2551,134,2,1782899396619,1
2552,103,0,1782899475456,1
2553,121,2,1782899479384,1
2554,131,2,1782899482365,1
2555,142,2,1782899484772,1
2556,104,0,1782899507306,1
2557,129,2,1782899509134,1
2558,133,0,1782899512049,1
2559,149,2,1782899514248,1
2560,138,0,1782899529265,1
2561,120,2,1782899634965,1
2562,128,0,1782899641336,1
2563,143,2,1782899645557,1
2564,136,2,1782899648110,1
2565,111,2,1782899651277,1
2566,140,2,1782899669604,1
2567,103,2,1782899672764,1
2568,104,2,1782899691540,1
2569,133,0,1782899694461,1
2570,138,2,1782899697337,1
2571,128,2,1782899699445,1
2572,185,2,1782899742242,1
2573,178,2,1782899744003,1
2574,194,0,1782899749154,1
2575,169,0,1782899752819,1
2576,160,2,1782899755940,1
2577,201,2,1782899757993,1
2578,170,2,1782899767515,1
2579,197,2,1782899770519,1
2580,188,2,1782899773655,1
2581,164,0,1782899778044,1
2582,189,2,1782899780501,1
2583,171,2,1782899782616,1
2584,157,0,1782899788321,1
2585,166,0,1782899791789,1
2586,196,2,1782899793989,1
2587,198,0,1782910358516,1
2588,155,0,1782910362733,1
2589,187,0,1782910369093,1
2590,153,2,1782926400723,1
2591,152,2,1782926402271,1
2592,163,0,1782926433532,1
2593,186,2,1782926452454,1
2594,195,0,1782926455514,1
2595,190,2,1782926457455,1
2596,191,0,1782926555562,1
2597,156,0,1782926559409,1
2598,192,0,1782926563771,1
2599,180,2,1782926566634,1
2600,165,0,1782926635211,1
2601,161,2,1782926639813,1
2602,163,0,1782926645247,1
2603,195,2,1782926647033,1
2604,191,0,1782926650295,1
2605,156,2,1782926652754,1
2606,192,0,1782926670170,1
2607,165,0,1782926674331,1
2608,205,0,1782928867595,1
2609,240,2,1782928870329,1
2610,218,2,1782928876676,1
2611,245,2,1782928879677,1
2612,846,2,1783006615494,1
2613,744,0,1783006626838,1
2614,795,0,1783006637905,1
2615,766,0,1783006650774,1
2616,740,0,1783006673948,1
2617,715,0,1783006690983,1
2618,841,0,1783006697969,1
2619,923,0,1783010336966,1
2620,909,0,1783010345876,1
2621,915,0,1783010353674,1
2622,897,0,1783010360538,1
2623,955,0,1783010368768,1
2624,960,0,1783010377969,1
2625,945,0,1783012435886,1
2626,974,0,1783012438539,1
2627,1006,2,1783012692529,1
2628,990,2,1783012695129,1
2629,948,0,1783012772644,1
2630,985,0,1783012777129,1
2631,890,0,1783012781362,1
2632,940,0,1783012785731,1
2633,907,0,1783012789738,1
2634,929,0,1783012794336,1
2635,1009,0,1783012799989,1
2636,939,0,1783012802982,1
2637,899,0,1783012818207,1
2638,965,0,1783012827435,1
2639,979,0,1783012831387,1
2640,972,0,1783012839087,1
2641,938,0,1783012845318,1
2642,956,0,1783012851918,1
2643,973,0,1783012854859,1
2644,900,0,1783012858694,1
2645,927,0,1783012862091,1
2646,955,2,1783037275915,1
2647,992,2,1783037279078,1
2648,953,0,1783037298800,1
2649,1011,0,1783037829231,1
2650,866,0,1783037837716,1
2651,908,0,1783037850804,1
2652,915,0,1783037860410,1
2653,885,0,1783038403569,1
2654,925,0,1783038410377,1
2655,914,0,1783038417298,1
2656,952,0,1783038485436,1
2657,950,0,1783038491992,1
2658,889,0,1783038506083,1
2659,933,0,1783038515555,1
2660,928,0,1783038528672,1
2661,883,0,1783038543117,1
2662,1000,2,1783038547950,1
2663,942,0,1783038555870,1
2664,917,0,1783038620450,1
2665,991,0,1783038628642,1
2666,971,2,1783038632409,1
2667,867,0,1783038641594,1
2668,858,0,1783038651224,1
2669,920,0,1783038659704,1
2670,892,0,1783038671467,1
2671,1008,0,1783038678622,1
2672,907,0,1783038688608,1
2673,949,0,1783038693766,1
2674,923,0,1783038704985,1
2675,890,0,1783038711976,1
2676,650,0,1783038726478,1
2677,611,0,1783038730002,1
2678,633,2,1783038733748,1
2679,626,0,1783038736353,1
2680,641,2,1783038739458,1
2681,621,0,1783038742749,1
2682,652,0,1783038750672,1
2683,1022,0,1783038974206,1
2684,1024,0,1783038979775,1
2685,1021,0,1783038987491,1
2686,1023,2,1783038993214,1
2687,1027,0,1783039001402,1
2688,1029,0,1783039009072,1
2689,1026,2,1783039014335,1
2690,1018,2,1783039021206,1
2691,1020,2,1783039023749,1
2692,1025,0,1783039030389,1
2693,1017,2,1783039037300,1
2694,1032,0,1783039043828,1
2695,1028,0,1783039050498,1
2696,1030,0,1783039071620,1
2697,1014,2,1783039075793,1
2698,1016,2,1783039082209,1
2699,1031,2,1783039088858,1
2700,1015,2,1783039091989,1
2701,1019,2,1783039095872,1
2702,1022,2,1783039103627,1
2703,1024,0,1783039112679,1
2704,1021,2,1783039116537,1
2705,1027,2,1783039123666,1
2706,1029,0,1783039131630,1
2707,1025,0,1783039136845,1
2708,1032,0,1783039343200,1
2709,1028,0,1783039347649,1
2710,1030,0,1783039351492,1
2711,1026,2,1783039362930,1
2712,1025,2,1783039365655,1
2713,1024,2,1783039371038,1
2714,1020,2,1783039373700,1
2715,1032,2,1783039378428,1
2716,1021,2,1783039381935,1
2717,1028,2,1783039387255,1
2718,1017,2,1783039394252,1
2719,1014,2,1783039397060,1
2720,1030,0,1783039407026,1
2721,1019,2,1783039409598,1
2722,1027,2,1783039415227,1
2723,1023,2,1783039418232,1
2724,1015,2,1783039421127,1
2725,1022,2,1783039431573,1
2726,1016,0,1783039438570,1
2727,1031,2,1783039441846,1
2728,1029,2,1783039448271,1
2729,1018,2,1783039452079,1
2730,1030,2,1783039458425,1
2731,1016,2,1783039462111,1
